#{"t_start": 1590684110.992594, "env_id": "zhedLevel5-v0"}
r,l,t
-1040,7,0.729581
-990,4,0.731579
-1010,4,0.733578
-1030,10,0.738575
-1030,6,0.742573
-1050,8,0.74657
-1060,11,0.752567
-1070,12,0.758564
-1000,7,0.762561
-1080,13,0.769557
-1020,5,0.771556
-970,4,0.774554
-1030,8,0.778552
-1010,8,0.78355
-980,5,0.785548
-1050,10,0.790545
-1010,8,0.980436
-1080,13,0.987432
-1050,8,0.99143
-1010,8,0.996427
-1040,7,1.000424
-1110,16,1.00942
-990,6,1.012417
-990,4,1.014416
-1010,4,1.017436
-970,4,1.019413
-1020,5,1.022412
-1060,11,1.030406
-1000,7,1.034405
-1020,7,1.038403
-990,4,1.040402
-1040,7,1.044399
-1010,8,1.048396
-1050,10,1.106364
-1010,6,1.109362
-1050,10,1.114359
-1070,12,1.121355
-1000,5,1.124353
-1010,4,1.126352
-1060,9,1.130349
-980,5,1.133348
-1020,5,1.136346
-990,4,1.138345
-1030,8,1.142343
-1040,7,1.146341
-1000,5,1.149339
-980,5,1.152337
-1120,17,1.162332
-1010,6,1.166329
-1030,8,1.170326
-1010,6,1.173325
-1000,5,1.229293
-1040,7,1.23329
-980,5,1.236288
-1040,5,1.239286
-1010,6,1.242285
-1000,5,1.245283
-1010,8,1.250281
-980,5,1.253278
-1020,7,1.257276
-990,6,1.260274
-1040,5,1.263273
-1030,8,1.26727
-1060,13,1.275266
-1030,10,1.281262
-1050,8,1.286259
-1000,7,1.290257
-1060,9,1.294255
-1020,9,1.300252
-1020,9,1.358218
-1060,11,1.364215
-990,6,1.367213
-1030,6,1.370212
-990,6,1.374209
-1030,8,1.379206
-1010,8,1.383204
-1070,12,1.389201
-990,6,1.392199
-1010,4,1.395197
-1030,6,1.398195
-1000,7,1.402193
-1100,15,1.410188
-1060,13,1.419183
-1040,11,1.426179
-1060,11,1.484146
-980,5,1.487144
-980,5,1.490142
-1040,9,1.495139
-1080,13,1.502136
-980,5,1.505134
-1070,12,1.51213
-970,4,1.514128
-1080,15,1.524122
-990,6,1.52812
-970,4,1.531119
-1040,9,1.536116
-990,4,1.539114
-980,5,1.542112
-1060,11,1.548109
-1020,9,1.554105
-1030,8,1.610074
-1080,11,1.61607
-1050,8,1.620067
-1030,8,1.626064
-1040,11,1.63306
-1060,9,1.638057
-1020,7,1.642055
-1020,9,1.648051
-1040,9,1.653048
-1000,5,1.656047
-970,4,1.659045
-1030,8,1.663043
-1050,10,1.669039
-1100,15,1.677034
-1000,5,1.679034
-1040,9,1.736001
-1060,13,1.743996
-1030,8,1.748993
-1090,12,1.75499
-1030,6,1.758988
-1030,8,1.762985
-1060,11,1.769982
-1050,8,1.773979
-1000,5,1.776978
-1010,8,1.781975
-1010,6,1.785972
-970,4,1.787971
-1080,13,1.795967
-1040,7,1.799965
-980,5,1.802962
-1080,11,1.860929
-1070,12,1.867925
-1020,7,1.871922
-990,4,1.874921
-1060,9,1.878919
-1050,8,1.883916
-1020,7,1.886914
-1030,6,1.890912
-1290,32,1.905903
-1050,12,1.913899
-1090,14,1.921894
-1050,8,1.925891
-1010,6,1.929889
-1020,7,1.985857
-1070,10,1.990854
-1050,12,1.99885
-1010,6,2.002847
-990,6,2.006845
-990,4,2.008844
-1060,9,2.013841
-1040,7,2.017838
-1030,6,2.020837
-1020,5,2.023835
-990,4,2.025834
-1040,7,2.029832
-1030,8,2.034829
-970,4,2.036827
-1080,13,2.044823
-1030,10,2.050819
-1020,9,2.055817
-1090,12,2.113784
-1040,11,2.12078
-1050,8,2.124777
-990,4,2.127775
-990,4,2.129775
-1020,5,2.132773
-1040,5,2.135771
-1030,6,2.138769
-990,4,2.140768
-1030,8,2.145765
-990,4,2.147764
-1010,4,2.150762
-1030,8,2.15476
-1060,11,2.160756
-1040,7,2.164754
-1010,8,2.168752
-1050,8,2.173749
-1010,8,2.178746
-1040,9,2.236713
-970,4,2.239711
-1040,7,2.243709
-1040,9,2.247707
-1020,7,2.251704
-1020,7,2.255702
-1020,5,2.2587
-1050,10,2.263697
-1060,9,2.269694
-1040,9,2.274691
-1010,4,2.276689
-970,4,2.278688
-1080,13,2.287683
-1050,10,2.29268
-970,4,2.295678
-1030,8,2.299676
-1050,10,2.304673
-1080,11,2.36264
-990,6,2.366638
-1050,10,2.372635
-1090,14,2.38063
-1100,13,2.388626
-1010,4,2.390625
-1130,16,2.39862
-1130,14,2.404617
-1080,11,2.410613
-1060,9,2.416609
-1030,8,2.420608
-1040,5,2.422606
-980,5,2.425604
-1000,7,2.429601
-1020,7,2.48557
-970,4,2.488568
-1080,13,2.494565
-1040,9,2.500561
-1050,8,2.505558
-1040,9,2.510555
-990,6,2.514553
-1130,18,2.525546
-1020,7,2.528545
-1060,9,2.532543
-1080,9,2.53754
-1070,14,2.546535
-1140,17,2.6065
-1030,6,2.609498
-980,5,2.612497
-1020,9,2.618493
-1010,8,2.62349
-1000,7,2.628489
-1080,13,2.636483
-990,6,2.640481
-1030,6,2.643478
-1020,9,2.648476
-1070,12,2.655472
-990,4,2.657471
-1070,14,2.666466
-1000,5,2.669464
-1200,23,2.731428
-1030,8,2.736425
-1070,14,2.744421
-1010,4,2.74642
-1000,7,2.751416
-1030,8,2.755414
-1010,6,2.758412
-1090,14,2.766408
-1070,8,2.770405
-1010,6,2.773404
-1000,5,2.776402
-1030,8,2.7804
-990,4,2.783398
-1010,8,2.787396
-1110,18,2.79739
-1040,9,2.802387
-1030,8,2.858355
-1000,7,2.862353
-1000,5,2.865351
-1010,6,2.869349
-1070,14,2.877344
-1030,6,2.881342
-1030,8,2.885339
-990,4,2.887338
-1030,4,2.889337
-1020,7,2.893337
-1010,8,2.898332
-1010,4,2.900331
-1010,6,2.904329
-1040,7,2.908327
-1030,8,2.912324
-1010,6,2.915322
-990,4,2.918321
-1070,10,2.923318
-1040,11,2.981284
-990,6,2.984282
-1070,10,2.990279
-990,4,2.993277
-1030,10,2.999274
-1040,9,3.00527
-1020,9,3.010267
-990,6,3.014265
-1060,11,3.020262
-1020,7,3.024259
-1030,8,3.029256
-1070,10,3.034254
-1080,13,3.04125
-1120,17,3.051244
-1010,6,3.107212
-1010,6,3.11121
-1040,9,3.117206
-1060,11,3.122203
-1020,7,3.126201
-1020,9,3.132197
-990,4,3.134196
-1070,10,3.140193
-1030,10,3.14519
-1160,21,3.159182
-1060,9,3.164179
-1030,6,3.167177
-1040,9,3.172175
-1010,6,3.175173
-1010,8,3.181169
-1040,11,3.239136
-1040,9,3.244133
-1080,13,3.251129
-1010,4,3.253128
-1010,6,3.257126
-970,4,3.259124
-990,6,3.263122
-1090,14,3.270118
-1110,14,3.277114
-1000,5,3.281112
-1010,6,3.28411
-1060,11,3.290106
-1100,15,3.300101
-1040,9,3.305098
-1030,6,3.360066
-1020,5,3.363065
-990,6,3.366063
-1010,6,3.369061
-1020,9,3.376057
-1000,7,3.380055
-1000,7,3.384053
-1040,7,3.38805
-1050,10,3.394047
-1020,7,3.398045
-1100,15,3.40504
-1090,12,3.412036
-1070,12,3.419033
-1050,10,3.424029
-1050,10,3.430026
-1030,8,3.486994
-990,6,3.489992
-1030,6,3.493989
-1000,5,3.496988
-1020,7,3.499986
-1070,12,3.506981
-1010,8,3.512978
-1030,8,3.516976
-1030,10,3.522973
-1040,9,3.528969
-1070,14,3.537964
-1060,11,3.54396
-990,6,3.547958
-970,4,3.549957
-1030,8,3.553954
-1060,11,3.611921
-1020,7,3.615919
-990,4,3.618917
-1000,7,3.622915
-990,4,3.624914
-1000,7,3.629911
-1030,8,3.634908
-1000,5,3.637906
-990,6,3.641904
-1120,15,3.649899
-980,5,3.652897
-1040,7,3.656895
-1050,8,3.659894
-1000,5,3.662892
-1100,13,3.669888
-1030,10,3.677883
-1110,14,3.73685
-1030,10,3.741847
-1110,16,3.749842
-1130,14,3.756838
-990,4,3.758837
-1020,7,3.762835
-1020,5,3.765833
-1020,7,3.76983
-990,6,3.772829
-1010,6,3.776826
-1140,19,3.788819
-1060,11,3.795815
-1030,8,3.800813
-1060,13,3.807809
-1060,9,3.864776
-1130,16,3.872771
-1010,6,3.876769
-1030,8,3.880766
-1020,5,3.882765
-1050,8,3.887762
-1010,6,3.89176
-1070,14,3.901754
-1020,9,3.907751
-990,4,3.90975
-1030,10,3.915746
-1010,6,3.918745
-1000,5,3.921743
-1020,7,3.92574
-1050,8,3.930737
-1090,16,3.994701
-1020,7,3.998699
-1060,9,4.003695
-1000,5,4.007693
-1010,6,4.010692
-1040,7,4.014689
-1050,8,4.018687
-1060,9,4.022685
-990,6,4.026682
-1070,14,4.034678
-1040,7,4.038675
-980,5,4.041674
-990,4,4.044672
-1020,7,4.04867
-1060,11,4.055665
-1090,16,4.115631
-1030,8,4.121628
-1070,12,4.128624
-1100,13,4.13562
-1050,10,4.140617
-1010,8,4.146614
-1070,10,4.151611
-1100,11,4.157607
-1070,10,4.161605
-1000,7,4.166602
-1000,7,4.1716
-1020,9,4.177596
-1030,8,4.182593
-1030,10,4.18859
-1030,6,4.242559
-1010,6,4.245557
-1030,8,4.250554
-1000,7,4.255551
-1020,7,4.260548
-970,4,4.262547
-1040,5,4.264546
-1020,7,4.268543
-980,5,4.271542
-1050,10,4.276539
-1040,9,4.282536
-1010,6,4.285534
-1040,9,4.290531
-990,4,4.293529
-1010,6,4.297527
-980,5,4.300525
-1070,12,4.307521
-1030,10,4.315516
-1040,5,4.317516
-970,4,4.371484
-1100,11,4.376482
-1100,15,4.387475
-1040,9,4.392472
-1070,10,4.398469
-1040,9,4.403466
-1020,5,4.406464
-990,4,4.409462
-1020,9,4.414459
-1030,8,4.419457
-1010,6,4.422455
-1030,10,4.428452
-980,5,4.43145
-990,4,4.433448
-1040,11,4.440444
-990,6,4.444442
-990,6,4.49941
-1100,11,4.505407
-1040,9,4.510404
-990,6,4.514402
-1030,10,4.520398
-1030,6,4.524396
-1010,8,4.529393
-990,6,4.53439
-1060,11,4.540386
-1000,5,4.543385
-1040,9,4.547383
-990,4,4.549381
-1060,13,4.558376
-1040,9,4.563374
-1100,13,4.56937
-1110,16,4.629335
-1000,5,4.632334
-1030,6,4.635333
-1070,10,4.640329
-1050,10,4.646326
-1060,13,4.655321
-1080,11,4.661317
-1030,8,4.665315
-1060,11,4.672311
-1150,22,4.689301
-1040,7,4.6923
-1020,9,4.699296
-1060,11,4.757262
-1030,6,4.760261
-1010,4,4.762259
-1000,5,4.765258
-1070,14,4.775252
-1110,16,4.784248
-1000,5,4.787245
-1010,6,4.790243
-990,6,4.794241
-1010,6,4.798239
-1060,9,4.803236
-1010,6,4.806234
-990,6,4.810231
-990,4,4.81323
-1060,9,4.817227
-1020,5,4.820226
-1070,10,4.826222
-1070,10,4.88319
-990,4,4.885189
-1030,6,4.888187
-1010,4,4.891185
-1020,7,4.895184
-1070,8,4.89918
-1040,5,4.902179
-1060,13,4.910174
-1010,4,4.913173
-1000,7,4.91717
-1080,13,4.924166
-1090,16,4.93516
-1020,9,4.941156
-1000,5,4.944155
-1050,10,4.949152
-980,5,4.953149
-1040,9,5.010117
-1020,9,5.016113
-1010,6,5.020111
-1110,14,5.028106
-1030,8,5.032104
-1030,6,5.035102
-1040,9,5.040099
-1010,4,5.042098
-980,5,5.046096
-1100,15,5.05509
-990,4,5.057089
-1020,7,5.062086
-1000,5,5.064085
-1020,9,5.069082
-1010,6,5.072081
-1010,4,5.075079
-980,5,5.078077
-1030,10,5.135045
-990,6,5.139043
-1030,10,5.146038
-1010,8,5.151036
-1110,14,5.158031
-1060,13,5.165028
-1090,12,5.171024
-1000,7,5.175022
-1020,5,5.17802
-1140,21,5.190013
-1100,13,5.19601
-1020,5,5.199008
-1060,9,5.204005
-1050,6,5.257974
-1010,4,5.259973
-980,5,5.263971
-1010,6,5.266969
-1080,15,5.277963
-1030,6,5.280961
-1000,5,5.283959
-1170,20,5.294953
-1060,11,5.300949
-990,4,5.302949
-1000,5,5.305947
-1000,5,5.308945
-970,4,5.311943
-1080,13,5.318938
-1080,13,5.326934
-1140,17,5.3869
-1200,27,5.406888
-1080,13,5.413884
-1070,10,5.419881
-1060,7,5.422879
-1050,10,5.429875
-990,4,5.431874
-1010,6,5.435871
-990,4,5.43887
-1010,6,5.441868
-990,4,5.443867
-1010,6,5.446865
-1030,10,5.452862
-1130,20,5.515826
-1010,4,5.517824
-1020,9,5.522821
-1060,11,5.528818
-1130,18,5.54181
-1050,6,5.544809
-1020,7,5.548806
-1080,11,5.553803
-1010,4,5.555802
-1090,14,5.563798
-1000,7,5.568795
-1060,7,5.572793
-980,5,5.575791
-1010,8,5.581788
-1020,9,5.587784
-1010,6,5.642753
-1150,20,5.654746
-1040,11,5.660742
-1000,5,5.663741
-1080,11,5.668738
-1050,8,5.672735
-1070,12,5.679731
-1090,12,5.686727
-990,4,5.688726
-1070,14,5.696722
-1010,4,5.69872
-990,6,5.702718
-1000,5,5.705717
-1030,8,5.710714
-980,5,5.765682
-1030,8,5.76968
-1030,8,5.774677
-1000,5,5.778675
-1000,5,5.781673
-1000,7,5.78567
-980,5,5.789668
-1010,4,5.791667
-1040,7,5.794665
-1040,9,5.799662
-990,6,5.804659
-1010,4,5.806658
-1030,8,5.811655
-980,5,5.814653
-1040,5,5.817652
-1050,12,5.824648
-990,4,5.826646
-1030,8,5.831644
-1010,8,5.835641
-980,5,5.838639
-1010,4,5.840638
-1000,7,5.896606
-1120,17,5.905601
-1040,9,5.910598
-1020,5,5.913596
-1040,7,5.916595
-1070,10,5.921592
-980,5,5.92559
-1040,7,5.928588
-1010,6,5.932586
-1090,14,5.94158
-1020,7,5.945578
-1050,10,5.951575
-1070,12,5.95957
-990,4,5.961569
-1010,8,5.966566
-980,5,6.021535
-1040,7,6.025532
-980,5,6.028531
-1020,7,6.032528
-1050,6,6.035527
-1130,20,6.04652
-990,6,6.050518
-1050,10,6.056515
-1140,17,6.06451
-1010,8,6.070506
-1020,7,6.075504
-1030,8,6.079501
-1070,12,6.086497
-980,5,6.090495
-1010,4,6.092494
-1030,8,6.149462
-1030,8,6.154458
-1040,7,6.158455
-1080,15,6.16845
-1010,8,6.174446
-1070,12,6.181442
-1030,8,6.18644
-1010,6,6.190438
-1190,26,6.207427
-1010,6,6.210426
-1040,7,6.214423
-1010,8,6.219421
-1000,5,6.222419
-990,4,6.224417
-990,6,6.280386
-1050,10,6.286382
-1030,6,6.28938
-1010,6,6.293378
-1020,7,6.297376
-1020,7,6.301374
-1010,6,6.304372
-1100,13,6.311368
-980,5,6.314366
-1080,15,6.323361
-1040,11,6.331357
-980,5,6.334355
-1010,6,6.337353
-1050,10,6.343349
-1020,5,6.346348
-1010,6,6.349346
-1050,8,6.405314
-990,6,6.409311
-1060,9,6.415308
-1050,10,6.420305
-1010,6,6.423303
-1010,6,6.427301
-1080,13,6.434297
-1020,5,6.437295
-1020,9,6.442292
-1010,8,6.448289
-1060,9,6.453286
-1030,8,6.457284
-1020,7,6.461281
-1030,8,6.466278
-990,4,6.468277
-1010,8,6.473275
-1000,7,6.478272
-1050,10,6.536238
-1060,9,6.541236
-1010,8,6.545233
-1020,7,6.549231
-1050,12,6.557226
-1030,6,6.560225
-1020,9,6.565222
-1040,11,6.571218
-1000,5,6.574217
-1010,8,6.579214
-1030,6,6.582212
-1020,5,6.58521
-1050,12,6.593205
-990,4,6.596204
-1050,12,6.601201
-1030,8,6.658168
-1020,5,6.661166
-990,6,6.665164
-980,5,6.668162
-1020,5,6.67116
-1010,6,6.674159
-1040,9,6.680155
-1020,5,6.683154
-1080,15,6.693148
-1050,10,6.700144
-990,4,6.702143
-1010,6,6.705141
-990,4,6.708139
-990,4,6.710138
-1110,12,6.717134
-1030,8,6.722131
-1010,6,6.726129
-990,6,6.730127
-1070,12,6.788093
-1130,18,6.800086
-1010,6,6.803084
-1060,13,6.81108
-1060,9,6.815078
-1040,9,6.821074
-980,5,6.824073
-1000,5,6.827071
-1190,22,6.838064
-1050,8,6.842062
-1070,10,6.848058
-1010,6,6.851057
-1060,11,6.859052
-1010,6,6.914021
-1050,12,6.921016
-1000,5,6.924015
-1020,9,6.931012
-980,5,6.93401
-1000,5,6.937008
-1020,9,6.942005
-1110,16,6.951999
-1110,16,6.960994
-1050,8,6.964992
-1020,7,6.96899
-1060,13,6.975986
-1020,5,6.977985
-1040,11,6.984981
-1010,6,7.040948
-1010,6,7.043946
-990,6,7.047944
-1090,12,7.05394
-1020,7,7.056938
-1040,9,7.063934
-1010,4,7.065933
-980,5,7.068932
-1030,8,7.072929
-1020,5,7.075928
-1010,4,7.077926
-1010,6,7.080925
-970,4,7.082923
-1010,8,7.08892
-1190,24,7.100913
-1020,9,7.10591
-1070,10,7.111907
-1000,5,7.166876
-1030,8,7.171873
-1010,6,7.174871
-1010,6,7.178869
-990,6,7.182866
-1100,15,7.191861
-1040,9,7.196858
-970,4,7.198857
-980,5,7.202855
-1060,13,7.21185
-1010,4,7.213849
-1020,7,7.217846
-1080,11,7.223843
-1010,8,7.22884
-1030,8,7.233837
-990,6,7.236835
-1020,5,7.239833
-1000,7,7.294802
-1030,8,7.298801
-1060,9,7.303796
-970,4,7.305795
-1010,6,7.308794
-1060,9,7.313791
-1030,6,7.316789
-1000,5,7.319788
-1080,13,7.325784
-1030,8,7.330781
-1040,11,7.337777
-1010,8,7.342774
-1010,6,7.346772
-1050,8,7.35077
-1010,8,7.355767
-1150,20,7.420729
-1090,14,7.429725
-1020,7,7.433722
-1080,13,7.439718
-1040,9,7.444716
-990,6,7.448713
-970,4,7.451712
-1120,17,7.462706
-1020,5,7.465703
-980,5,7.468702
-1170,20,7.480695
-1020,5,7.482694
-1000,7,7.487691
-1010,6,7.491689
-1050,12,7.551654
-1050,8,7.555651
-1020,7,7.559649
-1010,6,7.562648
-1030,6,7.565646
-990,6,7.569644
-1000,7,7.573641
-1030,6,7.576639
-1040,9,7.581636
-1000,7,7.586633
-990,6,7.590631
-1010,6,7.59363
-1050,10,7.599626
-1010,6,7.603624
-1050,12,7.611619
-1020,7,7.615617
-1040,7,7.618615
-1000,5,7.673584
-1030,10,7.679581
-1040,9,7.685577
-1010,6,7.689575
-1170,20,7.699569
-1000,5,7.702568
-1000,7,7.706565
-1070,10,7.713561
-1080,13,7.721556
-1060,9,7.725554
-1010,6,7.729552
-1010,6,7.73355
-1010,6,7.736547
-1030,8,7.740545
-1000,7,7.744543
-1060,9,7.80151
-1030,8,7.805508
-1020,7,7.809506
-1030,8,7.814503
-980,5,7.817501
-1030,6,7.821499
-1040,5,7.824497
-1060,9,7.828495
-1020,7,7.833492
-1030,6,7.83649
-990,4,7.839489
-1040,11,7.846485
-1060,9,7.851482
-1000,5,7.85448
-1050,12,7.862476
-1020,7,7.866473
-1000,5,7.869472
-1040,7,7.874469
-1020,5,7.928437
-1020,7,7.932435
-1050,10,7.937432
-1040,9,7.942429
-1060,9,7.947426
-1000,7,7.952423
-1150,20,7.964416
-1030,10,7.972412
-1020,9,7.977409
-1080,13,7.984406
-1060,11,7.990402
-1060,9,7.994399
-1080,13,8.054365
-1190,26,8.069356
-1070,10,8.074353
-1020,5,8.077351
-1030,6,8.08035
-990,6,8.084347
-1020,5,8.087346
-1010,6,8.091344
-1000,5,8.094342
-1000,5,8.09634
-1050,10,8.101338
-970,4,8.104336
-980,5,8.107334
-1010,8,8.112331
-1070,10,8.117329
-1030,8,8.122325
-1140,19,8.18429
-1010,6,8.188288
-1020,9,8.194284
-1040,7,8.198282
-1000,7,8.20228
-1110,16,8.211274
-1030,8,8.216271
-1090,14,8.223268
-1010,6,8.226265
-1100,15,8.23626
-990,4,8.238259
-1030,4,8.240258
-1070,14,8.250252
-970,4,8.252251
-1170,20,8.313216
-1070,12,8.321211
-1050,10,8.327207
-1040,9,8.332204
-1040,11,8.338201
-1010,6,8.342199
-990,4,8.344198
-1030,8,8.350194
-1130,18,8.360188
-1050,10,8.365185
-1050,10,8.370183
-1130,14,8.429149
-1030,8,8.433147
-1040,9,8.438144
-1000,7,8.443141
-1000,5,8.44614
-1000,5,8.448138
-1000,5,8.452136
-1000,5,8.454135
-1000,5,8.457133
-1010,6,8.461131
-990,6,8.465128
-1030,6,8.468127
-990,4,8.471125
-1130,16,8.47912
-1000,5,8.482119
-1010,8,8.487115
-1040,9,8.492112
-1020,5,8.495111
-1060,9,8.499108
-1060,11,8.557076
-1210,26,8.573066
-1150,18,8.581061
-1060,9,8.586059
-1000,5,8.589057
-1040,9,8.594054
-1050,10,8.600051
-1030,8,8.605048
-1060,11,8.612043
-970,4,8.615042
-1050,6,8.61804
-1020,7,8.621038
-980,5,8.624036
-1090,12,8.682003
-1010,8,8.687001
-1050,10,8.692997
-990,6,8.696995
-1150,18,8.70499
-1010,6,8.708988
-1020,7,8.713985
-1070,12,8.719981
-990,6,8.723979
-1060,11,8.729976
-1080,11,8.734973
-1040,9,8.74097
-1010,4,8.742969
-1020,7,8.746966
-1040,9,8.806931
-1070,12,8.814927
-1040,9,8.819924
-990,6,8.823922
-1080,13,8.830918
-1050,8,8.834915
-1020,5,8.837914
-1050,12,8.845909
-1050,12,8.853904
-970,4,8.856903
-1030,8,8.8619
-1020,5,8.864898
-1040,7,8.868896
-1090,14,8.876891
-1050,8,8.881888
-1020,7,8.939855
-970,4,8.942853
-990,6,8.945851
-990,6,8.949849
-1090,12,8.956846
-1060,9,8.961843
-1090,14,8.970838
-1050,10,8.976834
-1020,7,8.980831
-1000,5,8.98283
-1070,10,8.988827
-1080,11,8.993824
-1000,7,8.997822
-1050,10,9.002819
-1040,11,9.064783
-1050,8,9.068781
-980,5,9.072778
-990,6,9.075777
-1040,7,9.079775
-970,4,9.082773
-1040,9,9.088769
-1020,7,9.091768
-1010,6,9.094766
-1090,10,9.100763
-1030,6,9.10376
-1030,8,9.108758
-1020,5,9.111756
-1000,7,9.115754
-1080,13,9.123749
-1080,11,9.128746
-1030,10,9.135742
-1040,9,9.193709
-1060,11,9.199706
-1040,7,9.203703
-1150,20,9.213697
-1140,17,9.223692
-1040,11,9.229688
-1050,8,9.233686
-1000,5,9.237684
-1050,8,9.241681
-1040,9,9.246678
-1010,6,9.250676
-1050,10,9.257672
-1030,6,9.26067
-980,5,9.263668
-980,5,9.321636
-1040,9,9.326633
-1090,14,9.334628
-1060,9,9.339625
-1050,8,9.343623
-1000,5,9.346621
-1050,10,9.354616
-1000,5,9.356615
-1010,6,9.360613
-1020,7,9.36461
-1010,6,9.368608
-1040,11,9.375604
-970,4,9.378603
-1010,4,9.380601
-1100,15,9.388597
-1030,8,9.393594
-1060,9,9.45256
-990,4,9.455558
-1010,8,9.461555
-1040,9,9.466552
-1040,7,9.470549
-1160,17,9.478545
-1000,7,9.483542
-1030,8,9.48754
-1050,8,9.491537
-990,6,9.495535
-1030,8,9.500532
-980,5,9.503531
-1010,6,9.506529
-1020,5,9.509527
-1060,11,9.515523
-1050,8,9.519521
-980,5,9.52352
-1050,8,9.579487
-1000,7,9.584484
-1060,11,9.590481
-1050,10,9.595479
-1030,8,9.600475
-1030,8,9.604473
-1000,7,9.60947
-990,4,9.611469
-1060,9,9.616466
-1010,6,9.620463
-1030,4,9.622463
-990,4,9.625461
-1100,13,9.632456
-1040,11,9.640451
-970,4,9.64345
-1010,6,9.646448
-1010,6,9.649446
-980,5,9.705415
-1040,7,9.709412
-1020,5,9.711411
-990,4,9.71341
-1000,7,9.718407
-1130,16,9.726403
-1050,12,9.734398
-1010,4,9.736397
-1030,8,9.740395
-1110,14,9.74739
-1000,5,9.750389
-1000,5,9.753387
-990,6,9.757384
-1000,7,9.761382
-1030,8,9.766379
-1040,9,9.771376
-1020,9,9.828344
-1010,4,9.831342
-1120,17,9.841336
-990,6,9.844334
-1000,7,9.849331
-1060,11,9.855328
-1030,8,9.860325
-1090,14,9.867321
-990,6,9.871319
-1030,8,9.875316
-1130,16,9.884311
-1050,12,9.891307
-1010,6,9.894305
-980,5,9.897304
-1110,16,9.959269
-970,4,9.961267
-1040,7,9.965265
-1050,10,9.971262
-980,5,9.97426
-1020,7,9.978257
-1020,9,9.984254
-970,4,9.987252
-1000,5,9.990251
-1000,7,9.994248
-1060,9,9.999246
-1020,5,10.002244
-1020,9,10.00824
-1070,12,10.015236
-1000,5,10.018234
-990,4,10.020233
-1010,4,10.023232
-1020,5,10.02523
-1010,6,10.028229
-1030,8,10.085196
-970,4,10.087194
-1010,6,10.091192
-1000,7,10.09519
-1170,18,10.104185
-1000,5,10.107183
-1040,9,10.11218
-1030,8,10.117177
-1030,6,10.120175
-1090,16,10.12917
-1000,5,10.131169
-1020,7,10.135167
-1040,7,10.139165
-1130,18,10.152157
-1050,10,10.209125
-1030,8,10.214122
-990,6,10.21712
-1020,9,10.222117
-980,5,10.225116
-1020,7,10.229114
-1000,7,10.23411
-1050,10,10.240107
-1020,9,10.246103
-1050,10,10.2521
-1010,6,10.255098
-1020,9,10.262094
-1060,11,10.268091
-1100,17,10.281083
-1020,5,10.283082
-1050,8,10.34005
-1060,9,10.345046
-1010,6,10.349044
-1080,13,10.358039
-1040,9,10.363036
-1070,12,10.369033
-1000,5,10.372031
-1080,13,10.380027
-1020,7,10.384024
-1050,12,10.39202
-1030,8,10.396017
-1040,9,10.401014
-1020,9,10.407011
-1020,7,10.411009
-970,4,10.413008
-990,4,10.466977
-980,5,10.470974
-1080,9,10.474972
-1070,10,10.480968
-1020,7,10.484966
-1000,5,10.487964
-1030,10,10.49596
-1010,6,10.498958
-1030,6,10.501956
-1050,8,10.505954
-1000,5,10.508952
-970,4,10.51195
-1090,12,10.517947
-1020,7,10.521945
-1000,7,10.526942
-1030,10,10.533938
-1000,5,10.536936
-1020,7,10.540934
-970,4,10.594903
-1110,16,10.605896
-1020,7,10.609894
-1020,5,10.612892
-980,5,10.61589
-1060,11,10.622887
-1180,23,10.634879
-1080,13,10.642875
-1060,11,10.648872
-1110,16,10.658866
-1000,5,10.661864
-1010,6,10.665862
-1020,7,10.670859
-1080,13,10.729825
-1030,8,10.734822
-1040,9,10.73982
-1140,17,10.747815
-1020,7,10.751812
-980,5,10.75581
-1030,8,10.759808
-1100,15,10.767804
-1020,9,10.7728
-1010,4,10.774799
-990,6,10.778797
-1040,9,10.784794
-1000,7,10.788791
-1010,6,10.791789
-1050,8,10.847758
-1000,7,10.852754
-1090,12,10.85875
-1000,5,10.861749
-1050,8,10.865747
-990,6,10.869745
-1010,6,10.873742
-1030,6,10.87674
-1070,10,10.881737
-1040,7,10.884736
-1020,7,10.888733
-990,4,10.891732
-1010,6,10.89473
-1020,7,10.898728
-1090,16,10.909722
-1090,12,10.915718
-1000,5,10.918716
-1020,7,10.973685
-1020,7,10.978682
-1010,8,10.983679
-1070,12,10.989675
-1010,6,10.992673
-1070,12,10.999669
-1010,6,11.002668
-1020,5,11.005666
-1030,8,11.009664
-1030,8,11.014661
-1100,15,11.022657
-1000,7,11.027654
-1050,8,11.031651
-1050,10,11.036649
-1040,11,11.043644
-1020,7,11.100611
-1030,6,11.10361
-1020,5,11.105608
-1090,14,11.112604
-1010,8,11.117601
-1010,8,11.122599
-990,4,11.125597
-970,4,11.128595
-1010,6,11.131593
-1040,11,11.138589
-1050,8,11.142587
-980,5,11.145585
-1010,6,11.148584
-1060,11,11.15558
-1020,5,11.158578
-1010,6,11.161576
-1130,18,11.225539
-1090,12,11.231536
-990,4,11.233535
-1030,6,11.236533
-1020,9,11.24153
-1020,7,11.245528
-1020,7,11.249525
-1010,6,11.252524
-1080,13,11.261518
-1020,7,11.265517
-1110,14,11.273512
-1010,6,11.27651
-1030,6,11.280508
-1000,5,11.283506
-1020,7,11.287504
-990,4,11.289502
-1030,6,11.2935
-1040,7,11.348469
-1040,7,11.352467
-1000,5,11.355465
-990,6,11.359462
-980,5,11.362461
-1080,13,11.370456
-1000,5,11.373454
-1010,6,11.376452
-1040,9,11.38145
-1070,12,11.387446
-1080,13,11.395442
-1040,9,11.400439
-1030,8,11.405436
-1000,5,11.408434
-1010,8,11.414431
-1050,12,11.423425
-1090,12,11.480393
-1050,6,11.48439
-1050,8,11.488388
-980,5,11.491386
-980,5,11.494385
-1040,9,11.500381
-1050,10,11.505379
-990,4,11.507378
-1100,17,11.519371
-1000,5,11.522369
-1060,9,11.527366
-1020,7,11.531363
-1070,10,11.53736
-1090,16,11.548354
-1000,5,11.551352
-990,4,11.553351
-980,5,11.60832
-1060,9,11.613317
-1020,9,11.620313
-1030,8,11.62431
-1040,7,11.628308
-1050,12,11.636303
-1000,7,11.640301
-990,6,11.6433
-990,4,11.645298
-1030,8,11.650295
-1060,9,11.655292
-1000,7,11.65929
-990,4,11.662288
-1100,15,11.670284
-1020,7,11.674282
-1030,8,11.678279
-1120,17,11.741243
-1090,12,11.747239
-1250,30,11.767228
-1020,7,11.771226
-1030,10,11.777222
-1150,20,11.791214
-1120,15,11.800209
-1000,7,11.804207
-1030,10,11.810203
-980,5,11.865171
-1000,5,11.86817
-1030,8,11.873167
-1070,10,11.878164
-1010,6,11.881162
-1070,12,11.890157
-1020,5,11.893156
-1000,7,11.898153
-1070,12,11.906148
-1100,13,11.912145
-1000,7,11.917142
-990,4,11.919141
-1140,17,11.927136
-1010,4,11.930135
-1010,6,11.933133
-1020,7,11.93813
-990,4,11.9911
-1100,15,12.000094
-1050,12,12.009088
-1070,12,12.018083
-980,5,12.021081
-1000,7,12.025079
-1040,9,12.030076
-1020,7,12.034074
-1000,7,12.039071
-1020,7,12.043069
-1070,10,12.048066
-1020,9,12.053063
-1030,8,12.05806
-1030,6,12.061059
-1080,11,12.066056
-1050,10,12.124022
-1000,7,12.130019
-1080,13,12.137015
-1030,6,12.140013
-1020,9,12.146009
-1060,7,12.149008
-990,6,12.153006
-1030,10,12.160002
-1070,10,12.165998
-1040,9,12.171994
-1010,8,12.175992
-1030,6,12.178991
-1040,7,12.182988
-1070,10,12.188985
-1060,9,12.193982
-1040,11,12.251949
-1030,8,12.256946
-1040,9,12.261943
-1010,8,12.26694
-1010,4,12.268939
-1060,11,12.275935
-1030,8,12.279932
-990,4,12.281932
-1030,8,12.286929
-1010,6,12.290926
-990,4,12.293924
-1050,8,12.297922
-1110,16,12.305918
-1020,7,12.309915
-1050,12,12.317911
-990,4,12.31991
-1040,7,12.374878
-1010,6,12.378876
-1030,8,12.383873
-990,6,12.38887
-1030,10,12.394867
-1040,5,12.397865
-1040,9,12.402862
-1030,6,12.40686
-1050,10,12.411857
-1010,8,12.416855
-990,4,12.419853
-1030,8,12.42485
-1060,9,12.429847
-1020,5,12.432845
-1030,6,12.435843
-1010,6,12.439841
-1070,12,12.448836
-1090,12,12.505803
-1020,9,12.511799
-1040,7,12.515797
-1030,10,12.521794
-1000,5,12.524792
-1000,5,12.527791
-1060,13,12.536785
-990,6,12.540783
-1040,11,12.547779
-1070,14,12.556774
-1030,8,12.560771
-1020,7,12.564769
-990,6,12.569766
-990,6,12.573764
-1040,7,12.577761
-1080,13,12.635728
-1000,5,12.639726
-1020,9,12.645722
-1030,10,12.652718
-1020,5,12.655716
-1020,5,12.657715
-1030,8,12.662712
-1090,14,12.670708
-1140,21,12.6857
-1010,6,12.688698
-1030,10,12.694694
-1200,21,12.706687
-990,6,12.709685
-1070,12,12.768651
-1010,8,12.774648
-1040,7,12.777646
-1050,6,12.780644
-1040,9,12.787641
-1050,8,12.791638
-1070,12,12.798635
-1000,7,12.802632
-1000,5,12.80563
-1060,11,12.812627
-1010,6,12.815625
-990,4,12.817624
-1020,7,12.821622
-1070,14,12.831616
-1010,6,12.834613
-1010,8,12.840611
-1000,7,12.896578
-980,5,12.899576
-1020,7,12.903574
-1030,8,12.90957
-1080,13,12.916567
-1020,9,12.922562
-1010,6,12.925561
-1050,8,12.929559
-1060,13,12.936555
-1050,10,12.942551
-1080,13,12.950547
-1020,7,12.953545
-1100,13,12.960541
-1070,12,13.019507
-970,4,13.021506
-1040,9,13.026503
-970,4,13.029501
-1040,7,13.033499
-1070,10,13.039496
-1060,11,13.045492
-970,4,13.048491
-1030,8,13.053488
-1020,7,13.057485
-1190,22,13.071477
-1070,12,13.078473
-1050,10,13.08447
-1080,13,13.092466
-1060,13,13.151431
-1020,5,13.15343
-1010,8,13.158427
-1010,6,13.162425
-1010,4,13.164424
-1140,17,13.173419
-970,4,13.175417
-1040,9,13.180415
-990,6,13.184412
-980,5,13.187411
-1020,7,13.191408
-970,4,13.194407
-1030,10,13.200403
-1050,10,13.2064
-990,6,13.210397
-970,4,13.213396
-1020,7,13.217393
-1040,7,13.220392
-1000,5,13.27436
-1110,16,13.283355
-1090,16,13.294349
-1010,8,13.298347
-1020,7,13.303344
-990,6,13.307341
-1050,8,13.311339
-1000,5,13.314338
-1060,11,13.320334
-1040,7,13.324332
-1010,6,13.327331
-1050,12,13.335325
-1070,14,13.345319
-1070,12,13.404286
-1080,13,13.411282
-1060,7,13.41428
-1000,7,13.419277
-1140,19,13.430271
-1110,14,13.438266
-1010,6,13.441264
-1070,12,13.44826
-1000,7,13.453257
-1010,4,13.455256
-990,6,13.459254
-1020,7,13.463252
-1030,6,13.46625
-1000,5,13.469248
-1040,7,13.472246
-1080,15,13.533211
-990,4,13.53621
-1020,9,13.542206
-1020,7,13.546204
-980,5,13.549202
-1060,11,13.557198
-1090,16,13.565193
-1000,5,13.568191
-1030,8,13.572189
-1010,8,13.577186
-1170,22,13.589179
-1100,17,13.601172
-1070,12,13.661138
-1020,9,13.668133
-1020,7,13.672131
-1070,12,13.679127
-1030,10,13.686123
-1030,6,13.689122
-1040,11,13.696117
-1030,8,13.701115
-1000,5,13.704113
-1030,8,13.70911
-1090,16,13.719104
-1060,11,13.725101
-1010,6,13.728099
-970,4,13.731097
-990,6,13.735095
-1010,8,13.792063
-1000,7,13.79606
-1070,12,13.805055
-1010,6,13.809053
-1040,11,13.816049
-1020,7,13.820046
-1060,11,13.827042
-990,6,13.83104
-1000,5,13.834039
-1020,7,13.839036
-1070,10,13.845032
-1060,11,13.852028
-1000,7,13.856026
-1010,6,13.860024
-1090,16,13.870018
-990,6,13.924986
-990,6,13.928984
-1010,8,13.93498
-1060,11,13.940977
-1010,8,13.946973
-1150,22,13.960966
-1030,6,13.963964
-1050,8,13.968961
-1020,5,13.971959
-1100,13,13.978955
-1000,5,13.981954
-1030,6,13.984952
-990,6,13.989949
-1050,12,13.996945
-1030,10,14.054911
-1030,6,14.05791
-1110,18,14.070903
-1070,10,14.076899
-1040,9,14.080896
-1030,8,14.085893
-1000,7,14.090891
-1120,15,14.098886
-1020,7,14.103883
-1160,23,14.119874
-1040,9,14.124871
-1190,26,14.193832
-1050,12,14.200827
-1020,9,14.206824
-1010,6,14.210822
-1010,6,14.21382
-1020,9,14.219817
-1080,11,14.225813
-990,6,14.228811
-1180,25,14.243803
-1070,12,14.252797
-1000,7,14.256795
-1010,8,14.261792
-1010,6,14.316761
-1020,7,14.320758
-1090,12,14.327754
-1130,18,14.339747
-1030,10,14.346743
-1120,19,14.359736
-1100,15,14.366732
-1070,12,14.373728
-1100,17,14.383722
-1170,24,14.451683
-1050,12,14.459678
-1080,15,14.468673
-1000,7,14.472671
-1160,21,14.484675
-1080,11,14.49166
-980,5,14.494658
-1030,10,14.500655
-990,4,14.503654
-1170,22,14.514647
-1030,10,14.520644
-1200,25,14.588604
-1010,6,14.591602
-1040,7,14.5956
-980,5,14.599597
-1060,11,14.606594
-1060,13,14.61359
-1070,10,14.619586
-1030,10,14.626582
-1000,7,14.63058
-1100,17,14.641574
-1030,10,14.64857
-1020,7,14.652567
-1040,9,14.709535
-1000,5,14.712533
-1000,7,14.716531
-1100,17,14.728524
-1010,6,14.732522
-1110,16,14.740516
-1120,17,14.750512
-980,5,14.753509
-1020,7,14.757508
-1280,35,14.782493
-1030,6,14.785491
-1040,9,14.843457
-1040,11,14.851453
-1450,52,14.880436
-1040,7,14.884434
-1430,48,14.909419
-1220,29,14.980379
-1090,14,14.989374
-1090,16,14.999368
-990,6,15.003366
-1080,15,15.01336
-1080,15,15.022355
-1110,16,15.03135
-1050,8,15.036347
-1050,10,15.042344
-1000,7,15.098311
-1020,7,15.103308
-970,4,15.105307
-1070,12,15.114302
-1240,31,15.13429
-1020,7,15.138288
-1000,7,15.143285
-1290,36,15.163273
-1020,7,15.168271
-1300,37,15.245226
-1180,25,15.259218
-1200,25,15.276208
-1260,33,15.298195
-1160,23,15.362159
-1260,31,15.383147
-1040,11,15.391143
-1240,31,15.412131
-1210,26,15.429121
-1070,12,15.437116
-1020,9,15.443112
-1140,21,15.510074
-1050,8,15.514071
-1220,29,15.531062
-1170,22,15.546053
-1180,23,15.561044
-1040,11,15.568043
-1350,40,15.640998
-1250,30,15.657989
-1080,13,15.664985
-1030,10,15.670982
-1060,13,15.679976
-1530,58,15.769925
-990,6,15.774922
-2020,109,15.901848
-1110,16,15.911843
-1060,13,15.920837
-1080,13,15.928833
-1340,41,15.956817
-1210,28,15.975806
-1210,28,16.045765
-2590,164,16.209671
-1640,71,16.255645
-1110,18,16.317609
-1110,16,16.327603
-1040,9,16.332601
-1220,27,16.349591
-1840,89,16.462526
-1860,93,16.517494
-1060,13,16.57746
-1130,18,16.588454
-1100,15,16.597448
-1420,47,16.62943
-1040,11,16.636426
-1840,91,16.740366
-1160,21,16.754357
-2150,122,16.88928
-1590,66,16.986224
-2150,120,17.119148
-1240,29,17.139136
-1890,94,17.2021
-2460,151,17.408981
-2040,111,17.537906
-1230,28,17.556895
-1150,20,17.569888
-1330,40,17.595873
-1200,25,17.608866
-3000,207,17.830739
-1690,76,17.933679
-2410,148,18.073599
-2260,133,18.216516
-8920,799,18.987073
-1190,24,19.001065
-2030,110,19.116999
-1170,22,19.129991
-4250,332,19.502776
-4230,330,19.803603
-1350,40,19.87856
-1190,24,19.894551
-3470,254,20.17239
-5110,418,20.610139
-2010,108,20.723074
-4180,325,21.089863
-2140,119,21.222786
-29500,2857,24.229056
-24260,2333,26.517739
-5670,474,27.033442
-14290,1334,28.453624
-7190,624,29.138231
-3340,239,29.379092
-3840,291,29.680918
-4550,362,30.077689
-4380,345,30.453474
-36350,3542,34.30026
-270380,26945,63.871241
